,Max Acc thresh,Max Acc,Max individual Acc thresh,Max individual Acc,Null Acc,Max F1 thresh,Max F1,Max individual F1 thresh,Max individual F1,Null F1,AUROC,Individual AUROC,Null AUROC,runtime,data_preprocess.resolution,data_preprocess.normalize,label_path,method.max_lag,method.filter_mode,method.architecture
2025-02-19 22:12:32.8295,0.380788972223353,0.6782720825274017,0.0549606338495107,0.7098646034816247,0.6653771760154739,-0.0511965114575928,0.5018129079042785,0.0919932562693224,0.5564244266371926,0.5014492753623188,0.4097565290286926,0.4233156028368794,0.5,0 days 00:15:58.026251,6H,False,close_3,5,,
2025-02-19 22:15:26.6352,0.6797947893590658,0.6750483558994197,0.0965532134117369,0.7127659574468085,0.6653771760154739,37.9556037877302,0.5015704276395265,0.2487092890815389,0.5591876208897486,0.5014492753623188,0.4047937110722767,0.4154174725983236,0.5,0 days 00:18:24.459933,12H,False,close_3,5,,
2025-02-19 22:08:28.2827,0.7741883848651185,0.6740812379110251,0.0881640336812743,0.7101869761444228,0.6653771760154739,50.800305144975695,0.5015704276395265,0.3525273172399575,0.5577323385834023,0.5014492753623188,0.3989881592507952,0.4154980657640232,0.5,0 days 00:11:50.927689,12H,False,close_3,3,,
2025-02-19 22:32:51.0440,0.296153337926048,0.6676337846550613,0.0266157395442803,0.7021276595744681,0.6653771760154739,-0.0457750608204342,0.5014492753623188,0.0255818150794246,0.5463387676153634,0.5014492753623188,0.4010848418992995,0.4109042553191489,0.5,0 days 00:36:28.886372,1h,False,close_3,3,,
2025-02-19 21:55:49.0529,0.193188946685921,0.6653771760154739,0.0018831896865581,0.6689232753062538,0.6653771760154739,0.0921914469589224,0.5014492753623188,0.0025474619791202,0.5051579626047712,0.5014492753623188,0.4987504854296425,0.4984284332688588,0.5,0 days 00:00:14.242962,1h,True,close_3,3,,
2025-02-19 21:56:15.3202,0.1537439427308554,0.6660219213410703,0.0025444655771202,0.6689232753062538,0.6653771760154739,0.0,0.5014492753623188,0.0036016696438142,0.5051579626047711,0.5014492753623188,0.5001934717181222,0.5009671179883946,0.5,0 days 00:00:08.933979,24H,True,close_3,3,,
2025-02-19 22:02:03.1439,0.8049895927661873,0.6744036105738234,0.1046484177709427,0.7095422308188265,0.6653771760154739,64.75189560619229,0.5014492753623188,0.5075353730349275,0.5595099935525467,0.5014492753623188,0.3896382708996131,0.4054239200515796,0.5,0 days 00:04:49.612543,24H,False,close_3,3,,
2025-02-19 22:08:18.7607,0.4150430125336678,0.6744036105738234,0.1391828450280215,0.7147001934235977,0.6653771760154739,49.60464426785876,0.5014492753623188,0.3217726186546202,0.5628995118356821,0.5014492753623188,0.4009065398575077,0.4134429400386847,0.5,0 days 00:06:09.961821,24H,False,close_3,5,,
2025-02-19 21:56:03.5805,0.4663203625330065,0.6653771760154739,0.0042897636924141,0.6689232753062538,0.6653771760154739,0.1136418529718311,0.5014492753623188,0.0046407045055921,0.5051579626047711,0.5014492753623188,0.4982669228241549,0.4983075435203095,0.5,0 days 00:00:11.055073,12H,True,close_3,3,,
2025-02-19 22:07:47.5859,0.3916516560789057,0.6776273372018052,0.0541712857629436,0.7101869761444228,0.6653771760154739,-0.1472968444263791,0.5018129079042785,0.0877991853997506,0.5583033987289305,0.5014492753623188,0.4125498498902182,0.4281511927788523,0.5,0 days 00:11:23.631248,6H,False,close_3,3,,
2025-02-19 21:56:25.1947,0.2626990771302475,0.6653771760154739,0.0024348447476086,0.6686009026434557,0.6653771760154739,0.0633084677386838,0.5014492753623188,0.0025082382890155,0.5045132172791746,0.5014492753623188,0.4965823886125675,0.4968568665377176,0.5,0 days 00:00:26.910724,6H,True,close_3,5,,
2025-02-19 22:15:17.8459,0.2004127904340773,0.6669890393294649,0.0224026181171817,0.7030947775628625,0.6653771760154739,-0.0013050905604735,0.5019417475728155,0.0191941270709787,0.5514783089251174,0.5014492753623188,0.3904968745799166,0.401958413926499,0.5,0 days 00:18:59.473748,15min,False,close_3,3,,
2025-02-19 21:56:16.3066,0.0955331363228279,0.6656995486782721,0.0020069525699406,0.6692456479690521,0.6653771760154739,0.1228601253283274,0.5014492753623188,0.0026745253116544,0.5054803352675694,0.5014492753623188,0.499223079192245,0.4990328820116054,0.5,0 days 00:00:37.945141,1h,True,close_3,5,,
2025-02-19 21:56:30.1941,0.1511111919395378,0.6653771760154739,0.0020584942617809,0.6686009026434557,0.6653771760154739,0.0910235787357356,0.5014492753623188,0.00281172882327,0.5045132172791746,0.5014492753623188,0.4982741575928663,0.4983075435203095,0.5,0 days 00:00:42.335353,6H,True,close_3,3,,
2025-02-19 21:56:21.3942,0.1530876399325954,0.6660219213410703,0.0024670327317424,0.6682785299806575,0.6653771760154739,0.0,0.5014492753623188,0.0033356780394125,0.5041908446163765,0.5014492753623188,0.4980372772624756,0.4989119922630561,0.5,0 days 00:00:09.281469,24H,True,close_3,5,,
2025-02-19 21:55:54.3220,0.057173544661737,0.6653771760154739,0.0016956942519895,0.6686009026434557,0.6653771760154739,0.1118822512737711,0.5014492753623188,0.0019875777925064,0.504835589941973,0.5014492753623188,0.4984820988484115,0.4983075435203095,0.5,0 days 00:00:21.409921,15min,True,close_3,5,,
2025-02-19 21:56:13.5064,0.1223702938123542,0.6660219213410703,0.0021643789639644,0.6686009026434557,0.6653771760154739,0.1492320656248222,0.5014492753623188,0.0028250657955746,0.504835589941973,0.5014492753623188,0.498492367552389,0.4983075435203095,0.5,0 days 00:00:41.699665,15min,True,close_3,3,,
2025-02-19 22:22:10.5468,0.2057737635233518,0.6669890393294649,0.0271737075033661,0.7027724049000643,0.6653771760154739,-0.0002999784300639,0.5015765219500363,0.0203642273503023,0.5520954223081883,0.5014492753623188,0.3760380726202745,0.3931737588652482,0.5,0 days 00:25:48.539648,15min,False,close_3,5,,
2025-02-19 21:56:09.8573,0.2594642309237136,0.6653771760154739,0.0032549785153591,0.6682785299806575,0.6653771760154739,0.1019185573900971,0.5014492753623188,0.0037827830755976,0.5041908446163764,0.5014492753623188,0.4970701520515003,0.4974613152804642,0.5,0 days 00:00:11.655582,12H,True,close_3,5,,
2025-02-19 22:15:56.1612,0.215065402982641,0.6682785299806576,0.0276662157929476,0.7034171502256608,0.6653771760154739,-0.0078077613564481,0.501691638472692,0.0270155154191211,0.5477756286266924,0.5014492753623188,0.4001933316903408,0.4125967117988394,0.5,0 days 00:19:36.909961,1h,False,close_3,5,,
2024-10-26 05:17:49.4067,0.4522651095450391,0.6957915273132664,0.0985880058621217,0.750139353400223,0.6659698996655519,37.9556037877302,0.5008880994671403,0.3177317158942975,0.6140786749482402,0.5007834534628643,0.4724749663102453,0.4971374489037533,0.5,0 days 00:36:08.774616,12H,False,random_3,5,None,transformer
2024-10-25 14:38:36.0854,0.3147489563896222,0.6683389074693422,0.0229379049807525,0.7290969899665551,0.6659698996655519,-5.0367326099452535e-08,0.5016856300042142,0.0296155322921651,0.5842331581462017,0.5007834534628643,0.4350654803822487,0.4579849498327759,0.5,0 days 01:58:46.467149,1H,False,random_3,5,None,transformer
2024-10-25 18:08:00.5167,0.4870214880093881,0.6659698996655519,0.0035786556373597,0.6714046822742475,0.6659698996655519,0.0617683126301099,0.5007834534628643,0.0042244374659679,0.5061315496098104,0.5007834534628643,0.5012951688669217,0.5012019230769231,0.5,0 days 00:00:53.404073,6H,True,random_3,5,None,transformer
2024-10-25 10:37:15.5129,0.5196355096171626,0.6659698996655519,0.0039911928351465,0.6700111482720178,0.6659698996655519,0.0899585212795344,0.5007834534628643,0.004211288710171,0.5048773690078038,0.5007834534628643,0.4976279462112742,0.4968122909698996,0.5,0 days 00:01:35.585785,15min,True,random_3,5,None,transformer
2024-10-25 11:17:29.4265,0.2022082982508886,0.6677814938684504,0.0168692620001311,0.7193422519509476,0.6659698996655519,-2.6455748649102137e-07,0.5070120972058667,0.0157321553781525,0.5749382863513298,0.5007834534628643,0.4235797554364313,0.4374825808249722,0.5,0 days 00:41:48.062484,15min,False,random_3,3,None,transformer
2024-10-25 13:38:47.6724,0.3044316530246361,0.6684782608695652,0.023733766244141,0.7285395763656634,0.6659698996655519,0.0,0.5008485362749258,0.0319520268961137,0.5824454530976271,0.5007834534628643,0.4405334473769828,0.4584552675585284,0.5,0 days 01:11:53.893259,1H,False,random_3,3,None,transformer
2024-10-25 12:26:41.5871,0.4749158205336334,0.6659698996655519,0.0041123735372729,0.6725195094760312,0.6659698996655519,0.1167397037843188,0.5007834534628643,0.0049502684125468,0.5073857302118171,0.5007834534628643,0.5008464668161701,0.5004703177257525,0.5,0 days 00:01:18.667711,1H,True,random_3,5,None,transformer
2024-10-26 04:13:52.5202,0.4707401346187558,0.6659698996655519,0.0044504168302443,0.6714046822742475,0.6659698996655519,0.2583230810997643,0.5007834534628643,0.0054981048679218,0.5061315496098104,0.5007834534628643,0.5010052584563096,0.5011496655518395,0.5,0 days 00:00:43.898747,12H,True,random_3,5,None,transformer
2024-10-25 12:25:16.8376,0.5983699270519632,0.6659698996655519,0.0051305608969824,0.6722408026755853,0.6659698996655519,0.09219144696482,0.5007834534628643,0.0064828948636725,0.5071070234113713,0.5007834534628643,0.5008855318293434,0.5002090301003345,0.5,0 days 00:01:05.745601,1H,True,random_3,3,None,transformer
2024-10-25 11:56:44.7283,0.2014837628507059,0.6675027870680045,0.0198766513348867,0.7169732441471572,0.6659698996655519,-2.596102463719247e-06,0.50328320271129,0.0166958278582823,0.5692506768593726,0.5007834534628643,0.4007967778653357,0.4194305091044221,0.5,0 days 01:20:35.271322,15min,False,random_3,5,None,transformer
2024-10-26 15:41:21.8085,0.50991894014805,0.6999721293199554,0.1391156098246181,0.7467948717948718,0.6659698996655519,64.75189560619229,0.5009404388714733,0.7399359502764313,0.6111164198120719,0.5007834534628643,0.4562011365430893,0.4765015328874024,0.5,0 days 00:15:11.219217,24H,False,random_3,3,None,transformer
2024-10-26 15:24:46.1956,0.2533793117428002,0.6661092530657748,0.0032533982095668,0.6712653288740246,0.6659698996655519,0.0,0.5007834534628643,0.0044950907376651,0.5061315496098104,0.5007834534628643,0.5027778061490165,0.5029786789297659,0.5,0 days 00:00:35.373586,24H,True,random_3,3,None,transformer
2024-10-26 04:41:21.2058,0.1923505813287081,0.6939799331103679,0.0847222689714055,0.7481884057971014,0.6659698996655519,50.800305144975695,0.5010451505016723,0.3926026988173605,0.6110845676063067,0.5007834534628643,0.4635156346912332,0.4914065403195837,0.5,0 days 00:27:13.336743,12H,False,random_3,3,None,transformer
2024-10-25 10:35:59.4210,0.5745203780968191,0.6659698996655519,0.004846035246546,0.6700111482720178,0.6659698996655519,0.1418190913663881,0.5007834534628643,0.0054445256133206,0.5048773690078038,0.5007834534628643,0.4974292602448324,0.4966555183946488,0.5,0 days 00:01:19.523840,15min,True,random_3,3,None,transformer
2024-10-26 15:49:02.9776,0.5357139177334677,0.6989966555183946,0.1404416381737802,0.7504180602006689,0.6659698996655519,49.60464426785876,0.5008880994671403,0.6481389383806141,0.6166308329351807,0.5007834534628643,0.4687136384385063,0.4862911092530658,0.5,0 days 00:20:20.604142,24H,False,random_3,5,None,transformer
2024-10-25 18:51:29.1853,0.1659662990009205,0.6888238573021181,0.0552376342062793,0.7509754738015608,0.6659698996655519,-0.1292455192531153,0.5009932043910088,0.1377060186415437,0.6126094919573181,0.5007834534628643,0.4692797974171349,0.500534188034188,0.5,0 days 00:43:21.961535,6H,False,random_3,3,None,transformer
2024-10-25 19:28:31.8106,0.1659865198076242,0.6884057971014492,0.0551815149225492,0.7497212931995542,0.6659698996655519,3.1700794933954595,0.501312060459746,0.1328318372621156,0.6109093804745979,0.5007834534628643,0.4727254188751493,0.5007838628762542,0.5,0 days 01:01:51.734508,6H,False,random_3,5,None,transformer
2024-10-26 15:25:47.3071,0.2537965102009535,0.6659698996655519,0.0031247335159954,0.6715440356744705,0.6659698996655519,0.2525478192869839,0.5007834534628643,0.0045278341697507,0.5062709030100334,0.5007834534628643,0.5018539076754502,0.5020903010033445,0.5,0 days 00:00:36.276771,24H,True,random_3,5,None,transformer
2024-10-26 04:12:51.2039,0.4700277381841711,0.6659698996655519,0.0046304208473147,0.6709866220735786,0.6659698996655519,0.1336606079194198,0.5007834534628643,0.0057295215675307,0.5058528428093646,0.5007834534628643,0.501727721135691,0.5016199832775919,0.5,0 days 00:00:42.625014,12H,True,random_3,3,None,transformer
2024-10-25 18:06:56.8172,0.4880128107657904,0.6659698996655519,0.0039424811468546,0.6712653288740246,0.6659698996655519,0.083519016227003,0.5007834534628643,0.0050710646957733,0.5059921962095875,0.5007834534628643,0.501405903993649,0.5012541806020067,0.5,0 days 00:00:47.885598,6H,True,random_3,3,None,transformer
2024-10-27 14:01:54.7086,2.7370059301475056,0.8008775428799362,0.5717413061329315,0.8403536763728228,0.7989030714000798,41.159719431378434,0.4163288732646984,1.122659380691165,0.524115886819313,0.3348554538963519,0.5764034724296625,0.5888888750387804,0.5,0 days 13:09:42.181283,24H,False,random_5,5,None,transformer
2024-10-27 13:35:48.3826,0.1448981334064469,0.8005983246908656,0.0197162552250625,0.8177835394229492,0.7989030714000798,-1.8491533531270176e-06,0.3376534251352841,0.0147406718592864,0.4153498131156367,0.3348554538963519,0.4872128659792902,0.497653864813443,0.5,2 days 02:31:01.168564,15min,False,random_5,5,None,transformer
2024-10-26 16:44:32.3835,0.2518162515269361,0.7989296636085627,0.0062481831546615,0.8007578779417631,0.7989030714000798,0.0,0.3348554538963519,0.0059474263614933,0.3372382968713244,0.3348554538963519,0.5023273789900248,0.5022621164707074,0.5,0 days 01:02:51.450487,24H,True,random_5,3,None,transformer
2024-10-25 11:54:35.7557,0.5750971700297535,0.7989030714000798,0.0070903071675717,0.7993551389442894,0.7989030714000798,0.0891928327854897,0.3348554538963519,0.004628925781415,0.3353184303323913,0.3348554538963519,0.4975464565350377,0.4965960548559272,0.5,0 days 01:17:14.824424,15min,True,random_5,5,None,transformer
2024-10-27 05:50:04.2583,0.3107330386548473,0.8139609094535302,0.1189209035659315,0.8482914506049728,0.7989030714000798,1.9062436448469808,0.3898281548342301,0.16950803419769,0.528968180560407,0.3348554538963519,0.5794832632323254,0.6043300860764463,0.5,1 days 10:21:24.823690,6H,False,random_5,5,None,transformer
2024-10-29 11:59:00.5956,0.220240556426147,0.800392235075123,0.0290912348742415,0.8302752293577982,0.7989030714000798,-1.8799927449715525e-11,0.3364028519702287,0.0338760002610676,0.4700952636836725,0.3348554538963519,0.5303766578612673,0.5512602668876352,0.5,3 days 21:44:21.844288,1H,False,random_5,5,None,transformer
2024-10-25 14:36:21.9069,0.599473131666902,0.7989030714000798,0.0091748295507822,0.8001130168860524,0.7989030714000798,0.1189287984174821,0.3348554538963519,0.0064843864578361,0.3363776379332821,0.3348554538963519,0.4997397961984197,0.4990741400269721,0.5,0 days 01:18:12.295227,1H,True,random_5,5,None,transformer
2024-10-25 19:40:01.7726,0.4875312580617696,0.7989030714000798,0.0064902990768692,0.8002127376678635,0.7989030714000798,0.0783890019635813,0.3348554538963519,0.005333245418757,0.3366142241690706,0.3348554538963519,0.5011481583579043,0.5008151342906528,0.5,0 days 01:11:53.066080,6H,True,random_5,3,None,transformer
2024-10-26 06:23:16.0749,0.4736291211787337,0.7989030714000798,0.006573125155252,0.8002060896157427,0.7989030714000798,0.1402610342051022,0.3348554538963519,0.0061653425396117,0.3365604066042837,0.3348554538963519,0.5020313418690717,0.5017742325456974,0.5,0 days 01:05:06.660700,12H,True,random_5,3,None,transformer
2024-10-27 02:11:15.2665,0.5833284884112366,0.8017617338119931,0.6176845740863669,0.8396556309001463,0.7989030714000798,51.06396680580742,0.4062310193290221,1.099966557782453,0.5161305337260556,0.3348554538963519,0.5600130361965804,0.5723237633040186,0.5,0 days 10:14:04.168055,24H,False,random_5,3,None,transformer
2024-10-27 00:52:22.5308,0.5478866911755004,0.8111354873022204,0.2755205378763924,0.8460909453530117,0.7989030714000798,23.944648625619635,0.4236918972765799,0.4858409546760061,0.5365649075147739,0.3348554538963519,0.588531896446057,0.6084451314098303,0.5,0 days 16:30:15.205294,12H,False,random_5,5,None,transformer
2024-10-27 07:01:15.8319,0.4536294318832284,0.8091809599787262,0.2749928408204539,0.8449408323361255,0.7989030714000798,33.31700736299303,0.4217665834027199,0.531277157887871,0.5314279318879965,0.3348554538963519,0.5765184846587607,0.5957900359153101,0.5,0 days 18:12:33.868788,12H,False,random_5,3,None,transformer
2024-10-27 05:09:32.1714,0.2990957907222118,0.8143730886850153,0.1264561855487667,0.8489629038691664,0.7989030714000798,4.638698958566722,0.3968760974630835,0.1913420167625433,0.5319488719266998,0.3348554538963519,0.5782677604565125,0.6034735676613419,0.5,0 days 19:48:59.605355,6H,False,random_5,3,None,transformer
2024-10-26 08:21:55.0799,0.2853139912064042,0.8004986039090547,0.0200994083190857,0.8195984576519081,0.7989030714000798,-1.915324035903876e-07,0.3406653190015061,0.0158809148085187,0.4240504399001662,0.3348554538963519,0.5014044304419399,0.511069978267201,0.5,0 days 21:19:37.752005,15min,False,random_5,3,None,transformer
2024-10-26 07:29:06.6602,0.4743865653003812,0.7989030714000798,0.0059962019929542,0.8002592740327086,0.7989030714000798,0.1846239394244921,0.3348554538963519,0.0052118566455172,0.3366254289668729,0.3348554538963519,0.5019886786622462,0.5016794879100424,0.5,0 days 01:05:27.959102,12H,True,random_5,5,None,transformer
2024-10-25 11:46:38.5904,0.5745572485924643,0.7989030714000798,0.0095292636275352,0.7993484908921688,0.7989030714000798,0.1343137650727441,0.3348554538963519,0.0060131758735448,0.335309566262897,0.3348554538963519,0.4974614242024145,0.496529269632331,0.5,0 days 01:10:28.926516,15min,True,random_5,3,None,transformer
2024-10-25 14:14:22.7239,0.6005550457757913,0.7989030714000798,0.0106961967246856,0.8001462571466561,0.7989030714000798,0.1182287700336608,0.3348554538963519,0.0074019115733675,0.3364346212371741,0.3348554538963519,0.4998196618932592,0.4990986408690587,0.5,0 days 01:20:42.470978,1H,True,random_5,3,None,transformer
2024-10-25 19:59:53.9570,0.491049142968375,0.7989030714000798,0.0058036433266498,0.8001662013030184,0.7989030714000798,0.0914730905570214,0.3348554538963519,0.0046625661825654,0.3365648386390309,0.3348554538963519,0.5006701160291525,0.5003775856174141,0.5,0 days 01:08:14.294626,6H,True,random_5,5,None,transformer
2024-10-27 20:28:48.1722,0.1746646887744662,0.8007911182023667,0.0321395447824261,0.8302619332535568,0.7989030714000798,-3.4247624646897376e-12,0.3359203844912793,0.0406184880934343,0.4717055295923427,0.3348554538963519,0.536216885901611,0.554505549144934,0.5,2 days 06:49:37.755313,1H,False,random_5,3,None,transformer
2024-10-26 16:53:58.5907,0.2609566492891988,0.7989030714000798,0.0060147469360863,0.800811062358729,0.7989030714000798,0.2382022973005186,0.3348554538963519,0.0056005892289465,0.3372832503666169,0.3348554538963519,0.5024019728216426,0.5022945336391437,0.5,0 days 01:04:47.862919,24H,True,random_5,5,None,transformer
2024-11-05 01:21:10.4828,0.3060399121617273,0.833589349718382,0.0218031780563706,0.8576548899129544,0.8333333333333334,0.0,0.2876224398931433,0.0144872660162682,0.4198302977104819,0.2857142857142857,0.4601060403349685,0.4757296466973886,0.5,0 days 00:07:00.175365,15min,False,1_random_3,3,None,transformer
2024-11-05 09:38:25.7608,0.621588039206658,0.840757808499744,0.0987185996651861,0.8681515616999486,0.8333333333333334,-0.9178018842744798,0.2857142857142857,0.2505831704614938,0.457691463682247,0.2857142857142857,0.4911191809363356,0.5116743471582181,0.5,0 days 00:06:40.546883,12H,False,1_random_3,3,None,transformer
2024-11-05 04:17:58.0314,0.0632358689889967,0.8333333333333334,0.0023549530138111,0.8381976446492575,0.8333333333333334,0.1159449757901898,0.2857142857142857,0.0023976301128472,0.3065613342111037,0.2857142857142857,0.5107302719908636,0.5109062980030722,0.5,0 days 00:00:36.250594,1H,True,1_random_3,3,None,transformer
2024-11-05 11:06:23.2065,0.725690610375772,0.8379416282642089,0.176563085289232,0.8655913978494624,0.8333333333333334,-0.6184035152207404,0.2857142857142857,0.5170025271946492,0.4483285787433252,0.2857142857142857,0.4764658412792796,0.4943164362519201,0.5,0 days 00:04:45.945691,24H,False,1_random_3,3,None,transformer
2024-11-05 11:01:33.7337,0.0181626116860782,0.8341013824884793,0.0013841853978251,0.8366615463389656,0.8333333333333334,0.2533330081842346,0.2857142857142857,0.0020412991753052,0.2999780557384243,0.2857142857142857,0.5067878556209163,0.5069124423963134,0.5,0 days 00:00:21.283401,24H,True,1_random_3,5,None,transformer
2024-11-05 07:04:18.3192,0.0287046433572355,0.8333333333333334,0.0014491890623745,0.8371735791090628,0.8333333333333334,0.052141029493206,0.2857142857142857,0.0015545818117109,0.3021724818959841,0.2857142857142857,0.5082965825941892,0.5084485407066052,0.5,0 days 00:00:22.760671,6H,True,1_random_3,5,None,transformer
2024-11-05 04:58:30.4215,0.1796348608339672,0.8343573988735279,0.0210620048922546,0.8589349718381976,0.8333333333333334,-0.0518236575110301,0.2857142857142857,0.0207724808939455,0.4255650647355715,0.2857142857142857,0.4659281124867567,0.4807987711213518,0.5,0 days 00:24:55.348764,1H,False,1_random_3,5,None,transformer
2024-11-05 09:31:10.5908,0.0158542380690231,0.833589349718382,0.00211749152018,0.8366615463389656,0.8333333333333334,0.135539454367136,0.2857142857142857,0.0026110559406025,0.3005632360471069,0.2857142857142857,0.5078364609805074,0.5076804915514593,0.5,0 days 00:00:25.193828,12H,True,1_random_3,3,None,transformer
2024-11-05 07:14:25.4945,0.3507664519256226,0.8394777265745008,0.0496527102708638,0.869431643625192,0.8333333333333334,-1.41485579065469,0.2857142857142857,0.0940703371634338,0.4592860800234071,0.2857142857142857,0.4911165853785149,0.5129032258064515,0.5,0 days 00:10:03.933001,6H,False,1_random_3,3,None,transformer
2024-11-05 09:31:39.8530,0.0351612354896703,0.8341013824884793,0.002012491914412,0.8366615463389655,0.8333333333333334,0.1362565903152323,0.2857142857142857,0.0022052663537463,0.3005632360471069,0.2857142857142857,0.5078402363373375,0.5076804915514593,0.5,0 days 00:00:25.176392,12H,True,1_random_3,5,None,transformer
2024-11-05 07:03:52.6732,0.0298084930123822,0.8338453661034306,0.0014342090629257,0.837173579109063,0.8333333333333334,0.089022460285286,0.2857142857142857,0.0015930658662602,0.3021724818959841,0.2857142857142857,0.5089081904006834,0.5090629800307219,0.5,0 days 00:00:22.428772,6H,True,1_random_3,3,None,transformer
2024-11-05 11:13:08.9456,0.6172820086531989,0.8379416282642089,0.1981542217948548,0.8678955453149002,0.8333333333333334,-0.0955616785942089,0.2857769973661105,0.5324099999638134,0.4589203423304805,0.2857142857142857,0.4939563615942389,0.5116743471582181,0.5,0 days 00:06:40.343794,24H,False,1_random_3,5,None,transformer
2024-11-05 01:13:40.0547,0.5750429981668335,0.8333333333333334,0.0019026019496855,0.8369175627240142,0.8333333333333334,0.0954728297270827,0.2857142857142857,0.0017109703744945,0.3016604491258868,0.2857142857142857,0.5073517995474291,0.5072196620583718,0.5,0 days 00:00:28.637371,15min,True,1_random_3,5,None,transformer
2024-11-05 11:01:08.4974,0.0187938380716498,0.8341013824884793,0.0013102036788604,0.8369175627240142,0.8333333333333334,0.2493655078315958,0.2857142857142857,0.0019559877879194,0.3010752688172042,0.2857142857142857,0.5081507594366224,0.508294930875576,0.5,0 days 00:00:22.025859,24H,True,1_random_3,3,None,transformer
2024-11-05 09:47:55.8688,0.627288804857369,0.8417818740399385,0.0909519685707424,0.8671274961597543,0.8333333333333334,-0.0806207784352614,0.2857142857142857,0.2384968159824329,0.4566381391266183,0.2857142857142857,0.4943730666043733,0.5138248847926268,0.5,0 days 00:09:24.704588,12H,False,1_random_3,5,None,transformer
2024-11-05 07:25:01.2849,0.2920518357525486,0.840757808499744,0.0461708621059928,0.869431643625192,0.8333333333333334,-0.1757081585562634,0.2857142857142857,0.0807599454405258,0.464062614293029,0.2857142857142857,0.5014688497667537,0.5192012288786483,0.5,0 days 00:10:32.242674,6H,False,1_random_3,5,None,transformer
2024-11-05 04:18:42.3177,0.0739407733750939,0.8333333333333334,0.0019214334128595,0.8376856118791601,0.8333333333333334,0.465508140861845,0.2857142857142857,0.0020519605836217,0.3049520883622265,0.2857142857142857,0.5099610430367082,0.5098310291858679,0.5,0 days 00:00:39.935029,1H,True,1_random_3,5,None,transformer
2024-11-05 01:31:31.8797,0.1930542604716338,0.8341013824884793,0.0232966904377316,0.8571428571428571,0.8333333333333334,-3.832391777410928e-06,0.286535485297369,0.0153314422144213,0.4175627240143368,0.2857142857142857,0.4468347172375714,0.4614439324116743,0.5,0 days 00:09:50.772707,15min,False,1_random_3,5,None,transformer
2024-11-05 13:33:39.2113,0.3722002897207164,0.8333333333333334,0.0020697931184991,0.837173579109063,0.8333333333333334,0.2019985481357611,0.2857142857142857,0.0023573724654742,0.3021724818959841,0.2857142857142857,0.5073593502610896,0.50752688172043,0.5,0 days 00:00:25.067358,15min,True,1_random_3,3,None,transformer
2024-11-05 04:33:31.0069,0.1674425987956669,0.8348694316436251,0.0213738519765061,0.8584229390681002,0.8333333333333334,-0.0253004579893867,0.2857769973661105,0.0209716322650376,0.4212274156974617,0.2857142857142857,0.4677933747206825,0.4780337941628263,0.5,0 days 00:14:45.144870,1H,False,1_random_3,3,None,transformer
2024-10-26 14:05:04.1152,0.1292945748623187,0.7994656488549619,0.0060830444565663,0.8019847328244274,0.7993129770992367,0.0,0.3342869858223663,0.0069108322264372,0.3380152671755727,0.3342869858223663,0.5029172749355489,0.5030152671755725,0.5,0 days 00:00:53.441993,24H,True,root_cause_5,3,None,transformer
2024-10-25 10:35:55.8878,0.1320164447838206,0.7993129770992367,0.0067870541068485,0.8003053435114501,0.7993129770992367,0.0940158223140931,0.3342869858223663,0.0044467874168964,0.3353689567430026,0.3342869858223663,0.4979958412916705,0.4970849236641221,0.5,0 days 00:03:06.010085,15min,True,root_cause_5,5,None,transformer
2024-10-25 16:10:00.6953,0.1261077371012054,0.8013740458015267,0.0221768444506793,0.8294656488549618,0.7993129770992367,-1.5215724936473634e-09,0.3398192731350175,0.0190332715148327,0.4526343168879074,0.3342869858223663,0.5397332246837696,0.5538307888040712,0.5,0 days 05:37:10.888435,15min,False,root_cause_5,3,None,transformer
2024-10-25 17:51:15.9442,0.163127867225384,0.8045038167938932,0.0346317685073039,0.8288549618320611,0.7993129770992367,-0.0636144821442333,0.3343294970433013,0.0485721607672967,0.4550979620761187,0.3342869858223663,0.5375888282655288,0.5562595419847328,0.5,0 days 06:32:38.004559,1H,False,root_cause_5,3,None,transformer
2024-10-25 20:08:22.8483,0.2583553532218782,0.7993129770992367,0.0060804480243314,0.8018320610687022,0.7993129770992367,0.1422071621036557,0.3342869858223663,0.0055011881726754,0.3377099236641222,0.3342869858223663,0.5029560714319057,0.5027504770992366,0.5,0 days 00:01:13.301363,12H,True,root_cause_5,5,None,transformer
2024-10-25 17:11:07.4051,0.3811781337730286,0.8035114503816794,0.1319191217894225,0.8320610687022901,0.7993129770992367,-0.1852809295509537,0.3346699764496213,0.1595133326033525,0.4652440173920879,0.3342869858223663,0.5249257136094221,0.5461925890585242,0.5,0 days 02:03:58.983374,6H,False,root_cause_5,3,None,transformer
2024-10-26 14:55:21.6788,7.207990196142362,0.7994656488549619,0.4774469656688388,0.8217557251908397,0.7993129770992367,13.8241444186481,0.3343932841516154,0.3636271502152837,0.4276068874776694,0.3342869858223663,0.4662497726427232,0.4815042938931297,0.5,0 days 00:43:10.498377,24H,False,root_cause_5,5,None,transformer
2024-10-25 11:18:41.9549,0.1516022267909403,0.7993129770992367,0.0099555156692607,0.8007633587786259,0.7993129770992367,0.1196891050751852,0.3342869858223663,0.0061742227792243,0.3362849872773537,0.3342869858223663,0.5001300300175177,0.4992557251908396,0.5,0 days 00:01:34.046906,1H,True,root_cause_5,3,None,transformer
2024-10-25 15:05:22.9887,0.1558022156084964,0.7993129770992367,0.0051444614496509,0.8016030534351144,0.7993129770992367,0.0779927143396259,0.3342869858223663,0.0049755551026492,0.33774385072095,0.3342869858223663,0.5027953456845927,0.5026908396946564,0.5,0 days 00:01:14.476994,6H,True,root_cause_5,3,None,transformer
2024-10-25 10:35:17.4770,0.1326693447421123,0.7994656488549619,0.0094693303883624,0.8002290076335876,0.7993129770992367,0.1728773909544928,0.3342869858223663,0.0058681352698345,0.3352671755725192,0.3342869858223663,0.4978652300532336,0.4969298664122137,0.5,0 days 00:02:25.942956,15min,True,root_cause_5,3,None,transformer
2024-10-25 15:06:57.9975,0.262754115381575,0.7993129770992367,0.0051496431893029,0.8013740458015265,0.7993129770992367,0.0923888585786073,0.3342869858223663,0.0045802928886726,0.3375233248515692,0.3342869858223663,0.5012716387185983,0.5012595419847328,0.5,0 days 00:01:20.106333,6H,True,root_cause_5,5,None,transformer
2024-10-25 19:01:02.7183,0.087093916665986,0.8062595419847328,0.0310228757588163,0.8308396946564884,0.7993129770992367,-1.8799927449715525e-11,0.3358040605865292,0.0388478261413195,0.4667382687487722,0.3342869858223663,0.539953162312226,0.5638788167938931,0.5,0 days 07:41:54.888361,1H,False,root_cause_5,5,None,transformer
2024-10-25 21:37:51.1041,0.4704338410709236,0.8013740458015267,0.2691107339314684,0.8304580152671754,0.7993129770992367,-0.1532481338864242,0.3346496815286624,0.2411807141874078,0.45496984171561,0.3342869858223663,0.4905169266243827,0.5165248091603054,0.5,0 days 01:29:11.375622,12H,False,root_cause_5,3,None,transformer
2024-10-26 14:47:54.8201,7.628056220811852,0.7994656488549619,0.479262630522331,0.8232061068702288,0.7993129770992367,-0.7503681586094126,0.3343720190779014,0.3636816184163278,0.4256092306439461,0.3342869858223663,0.4553748204708477,0.470268606870229,0.5,0 days 00:41:44.260511,24H,False,root_cause_5,3,None,transformer
2024-10-25 22:45:03.3376,0.5144518318043099,0.8022137404580153,0.2441086000969063,0.8318320610687021,0.7993129770992367,-0.0881504659702221,0.3344570956046053,0.2515273336508131,0.4588654678134579,0.3342869858223663,0.4975711685944251,0.5235712468193384,0.5,0 days 02:13:53.169170,12H,False,root_cause_5,5,None,transformer
2024-10-25 18:05:55.9873,0.3564329970039566,0.8058015267175572,0.1264371404619947,0.8338167938931297,0.7993129770992367,-8.905266454321903e-10,0.3349362056805796,0.1445580834846681,0.4716188832220343,0.3342869858223663,0.5293453538053386,0.5550655216284988,0.5,0 days 02:49:18.064871,6H,False,root_cause_5,5,None,transformer
2024-10-26 14:06:06.0474,0.158567475576648,0.7993893129770993,0.0056688474151549,0.80206106870229,0.7993129770992367,0.0,0.3342869858223663,0.0065356787277545,0.3381170483460561,0.3342869858223663,0.5029671872819855,0.5030391221374046,0.5,0 days 00:00:54.852654,24H,True,root_cause_5,5,None,transformer
2024-10-25 20:06:50.5230,0.4663231957749095,0.7993129770992367,0.0065727499059702,0.801832061068702,0.7993129770992367,0.1402610342051022,0.3342869858223663,0.006793005490836,0.3378795589482614,0.3342869858223663,0.5041351143928136,0.5038955152671756,0.5,0 days 00:01:10.049520,12H,True,root_cause_5,3,None,transformer
2024-10-25 18:26:12.4134,0.1426505508030643,0.8016793893129771,0.0209406385322495,0.8279389312977099,0.7993129770992367,-2.05015343149438e-08,0.3382018825056799,0.0187673696929187,0.4526997333461736,0.3342869858223663,0.5304456594948487,0.5485847646310432,0.5,0 days 07:53:22.482921,15min,False,root_cause_5,5,None,transformer
2024-10-25 11:20:03.0644,0.1010749360853977,0.7994656488549619,0.0088173784858885,0.8004580152671755,0.7993129770992367,0.0,0.3342869858223663,0.0058056480264379,0.3358342420937842,0.3342869858223663,0.4998302653284394,0.4989456106870228,0.5,0 days 00:02:23.410602,1H,True,root_cause_5,5,None,transformer
2024-11-05 05:32:57.8321,0.0884891518779851,0.6319444444444444,0.0089951200442192,0.6458333333333334,0.6319444444444444,0.0254130347091698,0.5380710659898478,0.0052262631280447,0.5555555555555555,0.5380710659898478,0.4850715322413435,0.4895833333333333,0.5,0 days 00:00:05.779487,1H,True,confounder_3,3,None,transformer
2024-11-05 13:14:27.8008,0.1293396286281718,0.6527777777777778,0.0415884638991725,0.6875,0.6319444444444444,-0.0292787526746554,0.5408163265306123,0.0450505562584686,0.5974206349206349,0.5380710659898478,0.4279494090814845,0.4539930555555556,0.5,0 days 00:00:09.527514,24H,False,confounder_3,3,None,transformer
2024-11-05 10:25:49.8664,0.0929058362844473,0.6388888888888888,0.0351237022831547,0.673611111111111,0.6319444444444444,0.0,0.5380710659898478,0.0226957735421429,0.5763888888888888,0.5380710659898478,0.3864814430852166,0.396412037037037,0.5,0 days 00:00:28.025910,12H,False,confounder_3,5,None,transformer
2024-11-05 05:33:35.9787,0.0865063812943328,0.6388888888888888,0.0309559392321282,0.6875,0.6319444444444444,0.2462124795551769,0.5463917525773195,0.0158182721849354,0.6210317460317459,0.5380710659898478,0.4223512336719883,0.4401041666666667,0.5,0 days 00:00:26.475422,1H,False,confounder_3,3,None,transformer
2024-11-05 10:24:40.4011,2.4383060599170306e-07,0.6388888888888888,0.00080581295264,0.6458333333333334,0.6319444444444444,0.0,0.5380710659898478,0.0012220723418964,0.5555555555555555,0.5380710659898478,0.5080862533692722,0.5104166666666666,0.5,0 days 00:00:09.208637,12H,True,confounder_3,3,None,transformer
2024-11-05 05:34:20.0887,0.0566778598111567,0.6319444444444444,0.0202354671711684,0.6805555555555555,0.6319444444444444,0.1273343309285366,0.5380710659898478,0.0254060792381506,0.6057539682539682,0.5380710659898478,0.3941530167945262,0.4140625,0.5,0 days 00:00:41.570746,1H,False,confounder_3,5,None,transformer
2024-11-05 09:00:28.9128,0.0464495188880026,0.6319444444444444,0.0032376412481145,0.6388888888888888,0.6319444444444444,0.001555023739529,0.5380710659898478,0.0022477516425822,0.5416666666666666,0.5380710659898478,0.4870412606261663,0.4895833333333333,0.5,0 days 00:00:08.124912,6H,True,confounder_3,5,None,transformer
2024-11-05 05:33:06.3604,0.1566116851936989,0.6319444444444444,0.0113247575032662,0.6458333333333334,0.6319444444444444,0.0472501631751305,0.5380710659898478,0.0049586114759368,0.5555555555555555,0.5380710659898478,0.4854862119013062,0.4895833333333333,0.5,0 days 00:00:05.900837,1H,True,confounder_3,5,None,transformer
2024-11-05 02:08:51.7150,0.0538330799956807,0.6319444444444444,0.0047412072846681,0.6527777777777777,0.6319444444444444,0.0266378586135571,0.5380710659898478,0.0034457689345528,0.5625,0.5380710659898478,0.5054945054945055,0.5104166666666666,0.5,0 days 00:00:06.584648,15min,True,confounder_3,5,None,transformer
2024-11-05 09:01:21.0540,0.061264712563852,0.6527777777777778,0.0177832448413781,0.6944444444444443,0.6319444444444444,0.0,0.5380710659898478,0.0125096944513749,0.6152777777777777,0.5380710659898478,0.4175824175824175,0.4453125,0.5,0 days 00:00:24.720089,6H,False,confounder_3,5,None,transformer
2024-11-05 10:25:18.0734,0.1293808259188088,0.6388888888888888,0.0402770396246428,0.673611111111111,0.6319444444444444,0.3084619638930751,0.5380710659898478,0.0166899077459677,0.5763888888888888,0.5380710659898478,0.3694795770267469,0.3836805555555556,0.5,0 days 00:00:22.610137,12H,False,confounder_3,3,None,transformer
2024-11-05 02:09:14.6358,0.0615666237790214,0.6319444444444444,0.0185540152171219,0.7291666666666666,0.6319444444444444,0.0833114537316733,0.5408163265306123,0.0140074831779935,0.6618055555555554,0.5380710659898478,0.4972009122952519,0.5251736111111112,0.5,0 days 00:00:19.968747,15min,False,confounder_3,3,None,transformer
2024-11-05 13:14:09.3185,0.0069650336431651,0.6458333333333334,0.0003529545646101,0.6527777777777778,0.6319444444444444,0.0,0.5380710659898478,0.0008199749360159,0.5625,0.5380710659898478,0.5175202156334231,0.5234375,0.5,0 days 00:00:04.893138,24H,True,confounder_3,3,None,transformer
2024-11-05 09:00:52.5717,0.0601319351709458,0.6458333333333334,0.0145544655630233,0.673611111111111,0.6319444444444444,0.0,0.5408163265306123,0.0171420596292006,0.5888888888888889,0.5380710659898478,0.3877254820651046,0.4068287037037037,0.5,0 days 00:00:18.666103,6H,False,confounder_3,3,None,transformer
2024-11-05 13:14:16.0344,0.0073691906015706,0.6319444444444444,0.0003070496083987,0.6319444444444444,0.6319444444444444,0.0024906735113225,0.5380710659898478,0.0004108276713705,0.5347222222222222,0.5380710659898478,0.4982376114451586,0.4973958333333333,0.5,0 days 00:00:03.884674,24H,True,confounder_3,5,None,transformer
2024-11-05 13:14:42.3491,0.1302023604795916,0.6527777777777778,0.0465166216262917,0.6805555555555555,0.6319444444444444,-0.0238009572177612,0.5380710659898478,0.0484328774986749,0.575,0.5380710659898478,0.41177690234294,0.4314236111111111,0.5,0 days 00:00:11.496419,24H,False,confounder_3,5,None,transformer
2024-11-05 09:00:12.5994,0.0455771433998193,0.6319444444444444,0.0041439838676134,0.6388888888888888,0.6319444444444444,0.017327312524918,0.5380710659898478,0.0035045974576877,0.5416666666666666,0.5380710659898478,0.4870412606261663,0.4895833333333333,0.5,0 days 00:00:13.048651,6H,True,confounder_3,3,None,transformer
2024-11-05 02:08:38.4271,0.0030458411650432,0.6319444444444444,0.0056717501396781,0.6527777777777777,0.6319444444444444,0.0399484783073016,0.5380710659898478,0.0049157255757678,0.5625,0.5380710659898478,0.5057018453244868,0.5104166666666666,0.5,0 days 00:00:20.049951,15min,True,confounder_3,3,None,transformer
2024-11-05 02:09:46.0421,0.0692110289960613,0.6319444444444444,0.0206195936939213,0.736111111111111,0.6319444444444444,0.1134975959862417,0.5380710659898478,0.0118320197563441,0.6666666666666666,0.5380710659898478,0.4536595479991706,0.5031828703703703,0.5,0 days 00:00:28.526422,15min,False,confounder_3,5,None,transformer
2024-11-05 10:24:51.2945,0.0148127544527679,0.6319444444444444,0.0008534881074026,0.6388888888888888,0.6319444444444444,0.0039504222980976,0.5380710659898478,0.0009335458648422,0.5416666666666666,0.5380710659898478,0.4928467758656438,0.4947916666666667,0.5,0 days 00:00:06.686476,12H,True,confounder_3,5,None,transformer
2024-11-05 01:38:47.1921,0.5744308031017867,0.8493010752688172,0.0078653021926426,0.8500896057347667,0.8493010752688172,0.1419209932768952,0.2619258982385647,0.0063296650934759,0.2697680268928515,0.2619258982385647,0.5028479056555035,0.5022790164452878,0.5,0 days 00:07:06.999476,15min,True,1_random_5,3,None,transformer
2024-11-05 07:32:34.5395,0.4878674748980074,0.8493010752688172,0.0052707156450563,0.8509677419354836,0.8493010752688172,0.0793433390818425,0.2619258982385647,0.0050399715380423,0.2718384944752405,0.2619258982385647,0.5051894374818874,0.5050145719129946,0.5,0 days 00:07:29.441548,6H,True,1_random_5,3,None,transformer
2024-11-05 01:45:49.4824,0.5750705050677163,0.8493010752688172,0.0060734125912639,0.8501075268817202,0.8493010752688172,0.091259298045445,0.2619258982385647,0.0048093801903147,0.2697649843792901,0.2619258982385647,0.5029066832168781,0.502310641998735,0.5,0 days 00:09:09.297235,15min,True,1_random_5,5,None,transformer
2024-11-05 07:40:23.0703,0.4865728481014506,0.8493010752688172,0.0053268490186233,0.8509139784946234,0.8493010752688172,0.0712410514705312,0.2619258982385647,0.00511258307662,0.2717387593965433,0.2619258982385647,0.5049210696783945,0.5047380679422306,0.5,0 days 00:07:44.869003,6H,True,1_random_5,5,None,transformer
2024-11-05 17:10:07.7967,0.5478674878757008,0.8562186379928315,0.2589878395247356,0.8823655913978493,0.8493010752688172,22.306567648210216,0.3743433426292237,0.4194795789214653,0.4879968001062932,0.2619258982385647,0.5853940968177084,0.6048794495396724,0.5,0 days 07:02:24.609804,12H,False,1_random_5,5,None,transformer
2024-11-05 13:43:10.5695,0.4430125111049433,0.855089605734767,0.264076148481722,0.8816487455197132,0.8493010752688172,34.37217144109461,0.3750082907740267,0.4651373769031567,0.4836125406716391,0.2619258982385647,0.5706853241830496,0.5898654925679949,0.5,0 days 03:45:41.212446,12H,False,1_random_5,3,None,transformer
2024-11-05 13:14:00.1285,0.306087855669273,0.8575268817204301,0.1020910970004408,0.8846236559139785,0.8493010752688172,1.9313537275082733,0.3521313211543553,0.1547251219252489,0.4929927702636913,0.2619258982385647,0.5869470492476018,0.6082794710626186,0.5,0 days 05:13:43.700610,6H,False,1_random_5,5,None,transformer
2024-11-05 05:21:03.7301,0.5994729253042421,0.8493010752688172,0.0070218527162006,0.8509498207885303,0.8493010752688172,0.1114216823982281,0.2619258982385647,0.0064250165184222,0.2744693782141186,0.2619258982385647,0.5061897588808603,0.5057634825883758,0.5,0 days 00:13:17.577198,1H,True,1_random_5,5,None,transformer
2024-11-05 09:57:23.0758,0.4748547789929967,0.8493010752688172,0.0061504573600109,0.8507885304659496,0.8493010752688172,0.1322719446103445,0.2619258982385647,0.006226180717073,0.270998315486394,0.2619258982385647,0.5049520387169116,0.5047677718040621,0.5,0 days 00:09:21.750708,12H,True,1_random_5,3,None,transformer
2024-11-05 10:07:36.0127,0.474064427907316,0.8493010752688172,0.0054467936671514,0.8510573476702509,0.8493010752688172,0.1462263256415414,0.2619258982385647,0.0055112615011669,0.2722864118376039,0.2619258982385647,0.5056224155805377,0.5054565060791342,0.5,0 days 00:10:41.037310,12H,True,1_random_5,5,None,transformer
2024-11-05 14:46:29.5551,2.3174036063205925,0.8510035842293907,0.5642451240807708,0.8776881720430108,0.8493010752688172,38.12889200520036,0.3560771832106624,0.9088748621742226,0.4669049801116737,0.2619258982385647,0.5538414858339176,0.5678166618349848,0.5,0 days 03:17:07.410841,24H,False,1_random_5,3,None,transformer
2024-11-05 13:46:27.0540,0.166899897395046,0.8504121863799283,0.0200268472581684,0.8647491039426523,0.8493010752688172,-3.2072463406614137e-07,0.2627944824535069,0.0139372070625121,0.3898440701548256,0.2619258982385647,0.5105344867601984,0.521077992128751,0.5,0 days 12:00:16.752703,15min,False,1_random_5,5,None,transformer
2024-11-05 05:09:01.7394,0.5984783403521756,0.8493010752688172,0.0085730294362641,0.8509318996415769,0.8493010752688172,0.1151253773969901,0.2619258982385647,0.0081357430396011,0.2744054854293283,0.2619258982385647,0.5061658122346204,0.5057494267868438,0.5,0 days 00:10:26.855786,1H,True,1_random_5,3,None,transformer
2024-11-05 11:29:17.3601,0.2626497600466668,0.8493010752688172,0.005008472086589,0.8512365591397849,0.8493010752688172,0.252678123986218,0.2619258982385647,0.0052511286004816,0.2725450996979748,0.2619258982385647,0.5053476238627228,0.5052981586899993,0.5,0 days 00:07:59.393768,24H,True,1_random_5,5,None,transformer
2024-11-06 06:20:33.1975,0.283152005986542,0.8503405017921147,0.0294773343664604,0.8728136200716845,0.8493010752688172,0.0075274236741709,0.2801838857972417,0.0310193201290341,0.4376591677070873,0.2619258982385647,0.5435763455204097,0.5624046840958605,0.5,1 days 00:59:25.390233,1H,False,1_random_5,5,None,transformer
2024-11-05 06:32:21.5215,0.3021821386823026,0.8503405017921147,0.02021395495551,0.8664157706093188,0.8493010752688172,-8.432628635552804e-06,0.2640781650966703,0.0141735769127233,0.3966145979000609,0.2619258982385647,0.5164244056760714,0.5254776776301918,0.5,0 days 04:53:10.251905,15min,False,1_random_5,3,None,transformer
2024-11-05 17:16:21.1961,0.3049720153574198,0.8579569892473118,0.1135373855539867,0.8845878136200717,0.8493010752688172,4.169647832112197,0.3531050955414012,0.1641696135817514,0.4924895063639803,0.2619258982385647,0.5814163174786185,0.6038649061775248,0.5,0 days 03:42:38.382476,6H,False,1_random_5,3,None,transformer
2024-11-05 11:21:12.7590,0.2533658691569059,0.8493548387096774,0.0049979414173639,0.8510035842293904,0.8493010752688172,0.0,0.2619258982385647,0.0055261560895358,0.2711820536224463,0.2619258982385647,0.5047312593209021,0.5046650985663083,0.5,0 days 00:07:59.648830,24H,True,1_random_5,3,None,transformer
2024-11-05 14:24:16.6348,2.850431627146825,0.8511648745519713,0.5735247240587659,0.8782078853046594,0.8493010752688172,0.1169975470348329,0.3646299710297603,0.8334112441163858,0.4735386467935349,0.2619258982385647,0.5715726223300798,0.5866710920479303,0.5,0 days 02:47:13.498233,24H,False,1_random_5,5,None,transformer
2024-11-05 19:27:42.9433,0.1821823318090013,0.8503763440860215,0.031370915324596,0.8732437275985663,0.8493010752688172,0.0101678707263186,0.2837478085838582,0.034463986502356,0.4388836065238589,0.2619258982385647,0.5446715601787563,0.5605324623128821,0.5,0 days 14:18:36.924219,1H,False,1_random_5,3,None,transformer
2024-10-25 12:09:46.5681,0.1780199702837766,0.6684643040575244,0.0230061734323988,0.7329224447868516,0.6653826399589111,-0.0108078408649641,0.5015396458814473,0.0353714753596011,0.5906596228630127,0.5014431402732346,0.4553145029743137,0.4814137134052388,0.5,0 days 00:58:56.308084,1H,False,root_cause_3,5,None,transformer
2024-10-25 11:06:59.1245,0.5983699270969697,0.6653826399589111,0.007116687892828,0.66974833076528,0.6653826399589111,0.0921914469589224,0.5014431402732346,0.0078192754399603,0.5056497175141242,0.5014431402732346,0.4980626899951512,0.49711093990755,0.5,0 days 00:00:46.899004,1H,True,root_cause_3,3,None,transformer
2024-10-26 14:11:48.2313,0.5324812616790098,0.6815613764766307,0.1548317059682265,0.726502311248074,0.6653826399589111,64.75189560619229,0.5015396458814473,0.6488330825305731,0.5804534448602244,0.5014431402732346,0.4195458747485615,0.4392655367231639,0.5,0 days 00:08:33.090460,24H,False,root_cause_3,3,None,transformer
2024-10-25 11:08:05.1337,0.4749157805449081,0.6653826399589111,0.0053360185233642,0.6700051361068311,0.6653826399589111,0.1246475825757914,0.5014431402732346,0.0057932630551312,0.5059065228556754,0.5014431402732346,0.497834466257098,0.4972072419106317,0.5,0 days 00:01:00.788812,1H,True,root_cause_3,5,None,transformer
2024-10-25 14:38:13.3801,0.4870214880093881,0.6653826399589111,0.0049456480209788,0.6712891628145866,0.6653826399589111,0.0633084677386838,0.5014431402732346,0.0054691758763356,0.5071905495634309,0.5014431402732346,0.5016378496555022,0.5018297380585516,0.5,0 days 00:00:34.285179,6H,True,root_cause_3,5,None,transformer
2024-10-26 14:15:18.5849,0.5800974826988242,0.6784797123780174,0.1876788704685862,0.7280431432973806,0.6653826399589111,49.60464426785876,0.5016361886429258,0.4761845799637412,0.5829041015481693,0.5014431402732346,0.4268210432653559,0.4452683615819209,0.5,0 days 00:11:07.717448,24H,False,root_cause_3,5,None,transformer
2024-10-25 10:33:55.8335,0.5745203780725229,0.6653826399589111,0.006626243944437,0.6689779147406266,0.6653826399589111,0.1418190913663751,0.5014431402732346,0.0070099798298533,0.5048793014894709,0.5014431402732346,0.4947720324767859,0.4939329738058551,0.5,0 days 00:01:26.403416,15min,True,root_cause_3,3,None,transformer
2024-10-25 20:05:25.4021,0.4570054760509568,0.6810477657935285,0.10145020162937,0.7326656394453005,0.6653826399589111,50.800305144975695,0.5016361886429258,0.3633705402788825,0.5888766600631008,0.5014431402732346,0.4375432640230232,0.4651921759972607,0.5,0 days 00:23:16.731177,12H,False,root_cause_3,3,None,transformer
2024-10-25 11:06:04.6632,0.1712887659357883,0.6676938880328711,0.0166675764389057,0.7223934257832564,0.6653826399589111,-7.227823674890402e-05,0.5052011776251226,0.0171649850617518,0.5794592413236481,0.5014431402732346,0.4437063416578967,0.456439393939394,0.5,0 days 00:33:34.562830,15min,False,root_cause_3,3,None,transformer
2024-10-25 20:30:48.7971,0.454958623180988,0.6836158192090396,0.1100070785712499,0.736260914227016,0.6653826399589111,37.9556037877302,0.5015396458814473,0.2570204242284074,0.5939760804167583,0.5014431402732346,0.4518539735367096,0.4771978257147749,0.5,0 days 00:30:39.845965,12H,False,root_cause_3,5,None,transformer
2024-10-25 15:16:24.0602,0.3270442014319174,0.6856702619414484,0.0619970320823957,0.7401129943502825,0.6653826399589111,3.1700794933954595,0.5017327685791299,0.1372119583594952,0.5993249688164942,0.5014431402732346,0.4653738233740798,0.4924884437596302,0.5,0 days 00:37:14.418283,6H,False,root_cause_3,5,None,transformer
2024-10-25 12:01:21.5237,0.1730359376976637,0.6692347200821777,0.0218475208412367,0.7285567539804828,0.6653826399589111,-0.1080149648235192,0.5014431402732346,0.0351226490067693,0.584510969256732,0.5014431402732346,0.4527458381379786,0.4742873651771956,0.5,0 days 00:53:10.799739,1H,False,root_cause_3,3,None,transformer
2024-10-25 19:41:41.6607,0.4707401346187558,0.6653826399589111,0.0062085694668187,0.6710323574730355,0.6653826399589111,0.1313263304972712,0.5014431402732346,0.0071363812500424,0.5069337442218799,0.5014431402732346,0.5007123661129366,0.5007704160246533,0.5,0 days 00:00:33.037254,12H,True,root_cause_3,5,None,transformer
2024-10-25 14:37:12.2778,0.4880128107657904,0.6653826399589111,0.0056577525056994,0.6712891628145866,0.6653826399589111,0.083519016227003,0.5014431402732346,0.0065355595563337,0.5071905495634309,0.5014431402732346,0.5012744096469479,0.5016371340523883,0.5,0 days 00:00:32.160284,6H,True,root_cause_3,3,None,transformer
2024-10-26 14:03:56.8041,0.2533793117428002,0.6653826399589111,0.0042773031923711,0.6705187467899333,0.6653826399589111,0.2492936142363781,0.5014431402732346,0.0051285717047423,0.5064201335387777,0.5014431402732346,0.5024260435126847,0.5026964560862865,0.5,0 days 00:00:40.842433,24H,True,root_cause_3,3,None,transformer
2024-10-25 10:34:02.6256,0.5196354579063747,0.6653826399589111,0.0055385107790156,0.6689779147406266,0.6653826399589111,0.132782243621066,0.5014431402732346,0.0054525466253367,0.5048793014894709,0.5014431402732346,0.4951362129906551,0.4942218798151001,0.5,0 days 00:01:33.473145,15min,True,root_cause_3,5,None,transformer
2024-10-25 15:03:51.9863,0.3246482989499192,0.6854134565998973,0.0631531938546889,0.7455059065228558,0.6653826399589111,-0.1283746394091152,0.5017341040462427,0.1481398282580731,0.6049746863306186,0.5014431402732346,0.4680591918480436,0.497228642355761,0.5,0 days 00:25:12.914285,6H,False,root_cause_3,3,None,transformer
2024-10-25 19:40:40.8774,0.4700277381841711,0.6653826399589111,0.0064356131760159,0.6702619414483821,0.6653826399589111,0.1336606079194198,0.5014431402732346,0.0076759064828531,0.5061633281972265,0.5014431402732346,0.5008920127023319,0.500866718027735,0.5,0 days 00:00:31.211204,12H,True,root_cause_3,3,None,transformer
2024-10-25 11:18:03.6353,0.2014837628507059,0.6676938880328711,0.0203864124011872,0.7205957883923986,0.6653826399589111,-2.596102463719247e-06,0.50312744331509,0.0179736018565333,0.5774524910118131,0.5014431402732346,0.4258012193456716,0.4484035267933573,0.5,0 days 00:45:12.078887,15min,False,root_cause_3,5,None,transformer
2024-10-26 14:03:57.3515,0.2537965102009535,0.6653826399589111,0.0042088170539419,0.6707755521314844,0.6653826399589111,0.2525478192869839,0.5014431402732346,0.0051905129715487,0.5066769388803287,0.5014431402732346,0.5009109696383935,0.5012519260400616,0.5,0 days 00:00:41.644999,24H,True,root_cause_3,5,None,transformer
2024-11-05 09:02:06.5547,0.1714547377981778,0.7775623268698061,0.0123661495933461,0.7836565096952908,0.7775623268698061,0.0745805288439719,0.3639247677317018,0.0128904805418875,0.3688637924094988,0.3639247677317018,0.510909780787313,0.509767881875742,0.5,0 days 00:00:40.934009,6H,True,confounder_5,3,None,transformer
2024-11-05 11:00:37.2501,0.4842487558409111,0.7786703601108034,0.1077910988729621,0.7981994459833794,0.7775623268698061,39.87541080136591,0.3639247677317018,0.3014998230955819,0.4072853132894843,0.3639247677317018,0.4360736324107007,0.4474920442553752,0.5,0 days 00:33:18.396405,12H,False,confounder_5,3,None,transformer
2024-11-05 05:37:09.1046,0.1282432389253867,0.7775623268698061,0.012289729793865,0.780747922437673,0.7775623268698061,0.0970568156644213,0.3639247677317018,0.0124168703767868,0.3661244880081445,0.3639247677317018,0.5060322197530547,0.5042361248516026,0.5,0 days 00:01:39.315893,1H,True,confounder_5,5,None,transformer
2024-11-05 09:30:38.9432,0.3035990228794479,0.778393351800554,0.0855573116474706,0.7965373961218836,0.7775623268698061,-0.2210161189641205,0.3639247677317018,0.0517700099513015,0.4130264763335021,0.3639247677317018,0.4560916357922132,0.4678736726685134,0.5,0 days 00:27:38.206155,6H,False,confounder_5,3,None,transformer
2024-11-05 13:15:25.1548,0.186196177140253,0.7775623268698061,0.0146722854577164,0.7810249307479225,0.7775623268698061,0.1437573920863397,0.3639247677317018,0.0139543382346426,0.3668148103051151,0.3639247677317018,0.5031848638499818,0.5029246224112914,0.5,0 days 00:00:18.643589,24H,True,confounder_5,5,None,transformer
2024-11-05 09:02:56.8809,0.1645141069901927,0.7775623268698061,0.0125147420614381,0.782409972299169,0.7775623268698061,0.0920244522768847,0.3639247677317018,0.012562913846257,0.3682482183867226,0.3639247677317018,0.5072297463067115,0.506428159213824,0.5,0 days 00:00:45.298219,6H,True,confounder_5,5,None,transformer
2024-11-05 07:59:54.2140,0.1676920338737904,0.7801939058171745,0.0313408115385391,0.8009695290858725,0.7775623268698061,-0.0081217026563503,0.3640897755610972,0.0356268560220344,0.4430075482591937,0.3639247677317018,0.4885378175269884,0.5058740189289012,0.5,0 days 01:27:14.118092,1H,False,confounder_5,5,None,transformer
2024-11-05 03:28:04.9218,0.0506110435242011,0.78601108033241,0.0264599873559558,0.8051246537396122,0.7775623268698061,0.0,0.368003677738191,0.0226171242917998,0.4624824564896955,0.3639247677317018,0.515351675960428,0.531981639955151,0.5,0 days 01:15:47.728116,15min,False,confounder_5,3,None,transformer
2024-11-05 10:27:14.7181,0.1369895201901795,0.7775623268698061,0.0102013744761774,0.7828254847645428,0.7775623268698061,0.0919060009297059,0.3639247677317018,0.0107561115048653,0.3678480952719181,0.3639247677317018,0.5080643104034966,0.5072643368289144,0.5,0 days 00:00:40.359533,12H,True,confounder_5,5,None,transformer
2024-11-05 02:12:14.1817,0.1377004170018552,0.7775623268698061,0.0130515928216897,0.7817174515235457,0.7775623268698061,0.0524291961035692,0.3639247677317018,0.0111978557676687,0.3663991287259986,0.3639247677317018,0.5028843453543689,0.5011603432924416,0.5,0 days 00:01:25.420779,15min,True,confounder_5,5,None,transformer
2024-11-05 02:10:45.6166,0.150731894209994,0.7775623268698061,0.0166269245399429,0.781578947368421,0.7775623268698061,0.0749607671924406,0.3639247677317018,0.0138029962927988,0.3662144565191656,0.3639247677317018,0.502790901238276,0.5010737781954887,0.5,0 days 00:00:56.789098,15min,True,confounder_5,3,None,transformer
2024-11-05 10:24:25.7850,0.1390932574178303,0.7831024930747923,0.0640707511848232,0.8002770083102493,0.7775623268698061,1.265789375241518,0.365045003987695,0.0725501964081113,0.4274074729324035,0.3639247677317018,0.4777828156880525,0.4877460922041948,0.5,0 days 00:55:13.021820,6H,False,confounder_5,5,None,transformer
2024-11-05 07:03:27.0843,0.0853512774104054,0.782409972299169,0.0387089760617531,0.8041551246537395,0.7775623268698061,-0.0657521277333596,0.3642962458886242,0.0359611921091835,0.4414225591342297,0.3639247677317018,0.4883047895294676,0.5054326193773908,0.5,0 days 01:26:14.911114,1H,False,confounder_5,3,None,transformer
2024-11-05 10:26:30.4793,0.1349329006302653,0.7777008310249307,0.0125297773692415,0.7819944598337949,0.7775623268698061,0.0,0.3639247677317018,0.0144544655863151,0.3669071464085315,0.3639247677317018,0.5057096850472999,0.5057461086927846,0.5,0 days 00:00:36.249579,12H,True,confounder_5,3,None,transformer
2024-11-05 11:36:57.6449,0.328650167188265,0.7825484764542936,0.0960156788584514,0.798753462603878,0.7775623268698061,25.736280210841347,0.364609428376224,0.2659291835735101,0.408521369368935,0.3639247677317018,0.4469169763724472,0.4565678175702413,0.5,0 days 00:36:31.164566,12H,False,confounder_5,5,None,transformer
2024-11-05 05:32:48.9282,0.0502539988378225,0.782825484764543,0.0261141014380733,0.8044321329639889,0.7775623268698061,-5.070597755608392e-07,0.3653561253561254,0.0184099136823615,0.4568294048210946,0.3639247677317018,0.5046211304153776,0.5261989265927978,0.5,0 days 02:04:40.802142,15min,False,confounder_5,5,None,transformer
2024-11-05 13:33:10.4533,2.0303541033735084,0.778393351800554,0.1685355060526935,0.8012465373961218,0.7775623268698061,-0.1359370033768898,0.3639247677317018,0.1904400054004932,0.424034890263964,0.3639247677317018,0.4462780626267456,0.4550960048146682,0.5,0 days 00:10:29.494743,24H,False,confounder_5,5,None,transformer
2024-11-05 13:22:37.3754,5.847115821468048,0.7785318559556786,0.1746505312060883,0.7988919667590028,0.7775623268698061,-0.9686105836603394,0.3639247677317018,0.2825731584381099,0.4185822935612168,0.3639247677317018,0.4233820359260185,0.4331557924416304,0.5,0 days 00:07:10.270561,24H,False,confounder_5,3,None,transformer
2024-11-05 05:35:26.4862,0.1900609013090587,0.7775623268698061,0.0148472267289421,0.7806094182825484,0.7775623268698061,0.0838775473015191,0.3639247677317018,0.0140587170154087,0.3661244880081445,0.3639247677317018,0.5058142759095855,0.5037727130325814,0.5,0 days 00:01:03.721992,1H,True,confounder_5,3,None,transformer
2024-11-05 13:15:03.2932,0.1854214299042941,0.7775623268698061,0.0164858953863619,0.7808864265927977,0.7775623268698061,0.1255947255606937,0.3639247677317018,0.0150396428454945,0.3664014963183938,0.3639247677317018,0.5015509505013485,0.5018075204458514,0.5,0 days 00:00:18.146779,24H,True,confounder_5,3,None,transformer
2025-02-20 00:02:21.8198,0.1266646139204191,0.7988826815642458,0.0287925012683463,0.8064245810055864,0.7973463687150838,0.0,0.3377715487035739,0.0121070758719514,0.3675379177808132,0.3370108001393567,0.4395911324798319,0.4477653631284916,0.5,0 days 01:52:34.437221,15min,False,close_5,5,,
2025-02-19 22:09:43.4227,0.1697674894775602,0.7979050279329609,0.0058364213810941,0.79804469273743,0.7973463687150838,0.0,0.3370108001393567,0.0067307277300096,0.3378026070763502,0.3370108001393567,0.4991009516331898,0.4993395018621974,0.5,0 days 00:00:15.707183,24H,True,close_5,3,,
2025-02-19 22:09:27.2403,0.4663315861604476,0.7973463687150838,0.0086766021560576,0.7976256983240222,0.7973463687150838,0.0845590926010375,0.3370108001393567,0.0058890826298458,0.337243947858473,0.3370108001393567,0.4980613873484248,0.4981174348230912,0.5,0 days 00:00:17.723819,12H,True,close_5,3,,
2025-02-19 22:53:42.4219,0.7405307487242451,0.8012569832402234,0.1497795383426252,0.8085195530726255,0.7973463687150838,-0.0731478884684488,0.3370108001393567,0.1110394129886807,0.3723761698318415,0.3370108001393567,0.4322570828050406,0.4372395833333333,0.5,0 days 00:20:45.030425,24H,False,close_5,5,,
2025-02-19 22:09:15.1599,0.2627658266544508,0.7973463687150838,0.0035493911028289,0.7976256983240222,0.7973463687150838,0.0639668326958162,0.3370108001393567,0.0022548869907895,0.337243947858473,0.3370108001393567,0.4977140812522431,0.4977740921787709,0.5,0 days 00:00:12.758690,6H,True,close_5,5,,
2025-02-19 23:13:22.8386,0.3893292210699183,0.8005586592178771,0.0885745902184532,0.8078212290502793,0.7973463687150838,-0.2247572434810236,0.3370499419279907,0.0561709761719108,0.3690638383557986,0.3370108001393567,0.4271312697532606,0.4319587988826816,0.5,0 days 00:57:58.523053,6H,False,close_5,3,,
2025-02-19 22:09:44.5679,0.1636104125363633,0.7979050279329609,0.0052473501501929,0.79804469273743,0.7973463687150838,0.0,0.3370108001393567,0.0059792682324446,0.3378026070763502,0.3370108001393567,0.4988393554182346,0.4990718109869646,0.5,0 days 00:00:13.291505,24H,True,close_5,5,,
2025-02-19 22:09:23.9363,0.0676446354684149,0.797486033519553,0.002380715289473,0.7976256983240222,0.7973463687150838,0.0,0.3370108001393567,0.0019102622768962,0.337243947858473,0.3370108001393567,0.4982316602885236,0.4982265479515829,0.5,0 days 00:00:51.449557,1h,True,close_5,5,,
2025-02-19 22:08:59.9660,0.1531599503547273,0.7973463687150838,0.0028324517588219,0.7979050279329608,0.7973463687150838,0.0668268776564128,0.3370108001393567,0.0021548384112865,0.3376163873370578,0.3370108001393567,0.4990121030802562,0.4990558077281192,0.5,0 days 00:00:11.880824,6H,True,close_5,3,,
2025-02-19 22:58:14.4041,0.6944800637191948,0.8019553072625698,0.1264180698662886,0.8093575418994413,0.7973463687150838,25.736280210841347,0.3370108001393567,0.1747546941767551,0.3720289069147462,0.3370108001393567,0.4378711403844559,0.4423425861266294,0.5,0 days 00:35:58.005910,12H,False,close_5,5,,
2025-02-19 23:59:56.9443,0.2246376357572331,0.7988826815642458,0.0369542055813299,0.8040502793296088,0.7973463687150838,0.4082160060469129,0.3370108001393567,0.0217350625324732,0.3577473892074458,0.3370108001393567,0.4388115950741686,0.4439848114525139,0.5,0 days 01:50:09.464450,1h,False,close_5,3,,
2025-02-19 22:08:14.4534,0.1287924945615308,0.7973463687150838,0.0036821399912792,0.7976256983240222,0.7973463687150838,0.1254778116541963,0.3370108001393567,0.0034972741455565,0.337243947858473,0.3370108001393567,0.4983246132583046,0.4983793063314711,0.5,0 days 00:00:23.639536,15min,True,close_5,3,,
2025-02-19 22:09:29.0412,0.2606140065908717,0.7973463687150838,0.005803576672837,0.7976256983240222,0.7973463687150838,0.0874077848811707,0.3370108001393567,0.0048483312084539,0.337243947858473,0.3370108001393567,0.4979747720811289,0.4980083216945996,0.5,0 days 00:00:11.053777,12H,True,close_5,5,,
2025-02-19 22:31:14.2648,0.841388790304945,0.8016759776536313,0.1342817920425744,0.8094972067039105,0.7973463687150838,20.458597494865096,0.3370108001393567,0.1752017802270965,0.3727365673351829,0.3370108001393567,0.4285344370834545,0.4341366969273742,0.5,0 days 00:15:14.377561,12H,False,close_5,3,,
2025-02-19 22:38:50.3569,0.7868695281655986,0.8008379888268157,0.1563580176311895,0.8072625698324022,0.7973463687150838,-0.6718921498172987,0.3370108001393567,0.174338079209479,0.368511339145296,0.3370108001393567,0.4203811337340934,0.4262147928305401,0.5,0 days 00:07:31.351745,24H,False,close_5,3,,
2025-02-19 22:43:30.1742,0.160146426934255,0.7987430167597765,0.0276847358851735,0.8058659217877095,0.7973463687150838,-4.720705798941344e-08,0.3394280356305672,0.0118658557462054,0.3683978848722595,0.3370108001393567,0.4467448896086909,0.4502615805400372,0.5,0 days 00:33:58.119161,15min,False,close_5,3,,
2025-02-20 00:26:11.7961,0.2146134305690255,0.7988826815642458,0.0353282981105913,0.8060055865921788,0.7973463687150838,0.0,0.3376835236541598,0.0215160005221808,0.3598923429686122,0.3370108001393567,0.4444193753101702,0.4492437732774674,0.5,0 days 02:13:33.966452,1h,False,close_5,5,,
2025-02-19 22:08:45.9924,0.1333836681816657,0.7973463687150838,0.0033859607761702,0.7976256983240222,0.7973463687150838,0.0850879328168114,0.3370108001393567,0.0031197758779786,0.337243947858473,0.3370108001393567,0.4983247339764471,0.4983793063314711,0.5,0 days 00:00:29.328832,15min,True,close_5,5,,
2025-02-19 23:15:55.0700,0.4199293622579734,0.8009776536312849,0.087785400528267,0.8079608938547486,0.7973463687150838,-0.0456507244890695,0.3370499419279907,0.0522582358655715,0.3684200019881343,0.3370108001393567,0.430060193687431,0.4354841713221601,0.5,0 days 01:00:23.296199,6H,False,close_5,5,,
2025-02-19 22:09:05.7561,0.0859821640736814,0.797486033519553,0.0026594958848785,0.7976256983240222,0.7973463687150838,0.0,0.3370108001393567,0.0021924056556552,0.337243947858473,0.3370108001393567,0.4983206295595997,0.4983138384543761,0.5,0 days 00:00:42.227775,1h,True,close_5,3,,
2024-11-29 21:05:51.4458,0.1001379374394402,0.9117597517730496,0.0543350882791892,0.9231914893617024,0.91086731678487,0.8349330610004753,0.2645386243825495,0.0457156216205119,0.3484791811070639,0.1636764456503306,0.552992327986979,0.5603480474914765,0.5,0 days 10:01:59.853232,15min,False,disjoint_10,5,None,transformer
2024-11-29 18:15:25.8540,0.1117561586090416,0.9124615839243498,0.0579107606046425,0.9229816784869976,0.91086731678487,1.1328358986360398,0.261643946770529,0.0462601314495559,0.3464657786953637,0.1636764456503306,0.5573578453907402,0.5635292706657141,0.5,0 days 07:11:34.326215,15min,False,disjoint_10,3,None,transformer
2024-11-07 08:26:31.9151,0.5769129897563154,0.91086731678487,0.026141740288175,0.9112470449172576,0.91086731678487,0.1341043910289532,0.1636764456503306,0.0227135166783866,0.166742524614865,0.1636764456503306,0.502929804059069,0.5028465353278763,0.5,0 days 20:43:53.619955,15min,True,disjoint_10,3,None,transformer
2024-11-07 08:13:13.3087,0.2638934588909926,0.91086731678487,0.0145989261323674,0.9115913120567376,0.91086731678487,0.151670654678281,0.1636764456503306,0.0106844827076843,0.1682858221650015,0.1636764456503306,0.5043312446755092,0.5043159609743774,0.5,0 days 20:29:16.706597,24H,True,disjoint_10,5,None,transformer
2024-11-07 08:00:37.4884,0.2617572601644159,0.91086731678487,0.0148776793234281,0.9115602836879434,0.91086731678487,0.1386007954036006,0.1636764456503306,0.0112834961946556,0.1678354630425299,0.1636764456503306,0.5039370528337229,0.5039267038124171,0.5,0 days 20:16:48.146481,24H,True,disjoint_10,3,None,transformer
2024-11-29 18:38:55.9403,0.0747916428553502,0.9156841016548464,0.0900177506301819,0.9272414302600474,0.91086731678487,2.693979580496552,0.3379349795023357,0.0873456600715437,0.4046098387084584,0.1636764456503306,0.5873409631350065,0.5951752847626199,0.5,0 days 07:35:04.302386,1H,False,disjoint_10,3,None,transformer
2024-11-29 22:25:26.8223,0.1423199021810494,0.9160328014184396,0.0918595576495254,0.9246483451536645,0.91086731678487,2.86515839796484,0.3123973135791081,0.0846569360089585,0.3828054231220442,0.1636764456503306,0.5841053878525131,0.5941316401464452,0.5,0 days 11:19:18.724535,1H,False,disjoint_10,5,None,transformer
2024-11-07 08:13:22.9153,0.4893947771070542,0.91086731678487,0.0189190001297629,0.9114568557919625,0.91086731678487,0.0778904070311022,0.1636764456503306,0.0178702113171878,0.1675424113627001,0.1636764456503306,0.5035535774554227,0.5035084431912704,0.5,0 days 20:29:29.190539,6H,True,disjoint_10,5,None,transformer
2024-12-01 14:50:06.1183,268.0309981995026,0.91086731678487,4.259969879875354,0.916685874704492,0.91086731678487,155.51769774083508,0.2839164313115795,2.2551012811864304,0.3426148759646206,0.1636764456503306,0.5693054039931016,0.5719759902474706,0.5,2 days 03:47:06.072233,12H,False,disjoint_10,5,None,transformer
2024-11-07 02:54:11.8470,0.5994992022451282,0.91086731678487,0.0210968467717302,0.911446513002364,0.91086731678487,0.121117680770091,0.1636764456503306,0.0181115874244597,0.1681782515863063,0.1636764456503306,0.5050791434335492,0.5050056838015641,0.5,0 days 15:11:32.285965,1H,True,disjoint_10,5,None,transformer
2024-11-07 08:18:46.7796,0.4806323417029381,0.91086731678487,0.0215136811236158,0.9114391252955084,0.91086731678487,0.2166431632871643,0.1636764456503306,0.0206624373784306,0.1676272475835545,0.1636764456503306,0.5037563456403193,0.503722233445041,0.5,0 days 20:34:54.019609,12H,True,disjoint_10,3,None,transformer
2024-11-25 19:41:57.7825,0.2077044367345042,0.9144651300236408,0.2413652913896032,0.9250428486997636,0.91086731678487,3.670653449155768,0.363707590831238,0.308467565037385,0.4184864876427555,0.1636764456503306,0.595222159367742,0.6007495783045317,0.5,4 days 07:30:55.232103,6H,False,disjoint_10,5,None,transformer
2024-11-09 13:41:15.7706,20.89028297808796,0.910886524822695,1.5182081198740327,0.9163017139479908,0.91086731678487,0.1115860386469646,0.2100289467106377,1.3703123797068988,0.2812172486061165,0.1636764456503306,0.451580550550369,0.4539982377088,0.5,3 days 01:57:19.122791,24H,False,disjoint_10,3,None,transformer
2024-11-07 07:50:20.9590,0.4892758580946161,0.91086731678487,0.0202848404620546,0.9114568557919625,0.91086731678487,0.0782163155461193,0.1636764456503306,0.0193904748935843,0.167526624844254,0.1636764456503306,0.5035602256032121,0.5035148998991303,0.5,0 days 20:06:27.295267,6H,True,disjoint_10,3,None,transformer
2024-11-24 11:18:55.6976,0.2021302748449849,0.91528073286052,0.2523820221901101,0.9248611111111112,0.91086731678487,7.465342755032865,0.3653248503405726,0.3604980901345594,0.4246890912595492,0.1636764456503306,0.6013750680105482,0.6064282477285861,0.5,2 days 23:07:53.116364,6H,False,disjoint_10,3,None,transformer
2024-11-26 04:40:53.9340,20.920416522292697,0.910886524822695,1.4647761324952404,0.915874704491726,0.91086731678487,0.261730273446613,0.2148255465224653,1.4039906652128615,0.2861480976803934,0.1636764456503306,0.476890303722888,0.4789744289770867,0.5,4 days 16:29:37.426445,24H,False,disjoint_10,5,None,transformer
2024-11-07 02:17:40.3269,0.575224822570487,0.91086731678487,0.0196730694970534,0.9112440898345155,0.91086731678487,0.0894034847286459,0.1636764456503306,0.0172846651507434,0.1667351506143299,0.1636764456503306,0.5029553622946203,0.5028697548282368,0.5,0 days 14:35:27.059191,15min,True,disjoint_10,5,None,transformer
2024-11-07 05:31:34.5454,0.4836033613194355,0.91086731678487,0.0212395426288379,0.9114479905437354,0.91086731678487,0.1460920772125926,0.1636764456503306,0.0200046857093549,0.1675724551959354,0.1636764456503306,0.5037327354884404,0.5036990547261124,0.5,0 days 17:47:42.077698,12H,True,disjoint_10,5,None,transformer
2024-11-07 10:25:25.3836,0.6038881444202305,0.91086731678487,0.0273167856443226,0.9114524231678488,0.91086731678487,0.1189962152959846,0.1636764456503306,0.0233960931897055,0.1681714994309979,0.1636764456503306,0.5051056847593467,0.505027471174596,0.5,0 days 22:43:10.377080,1H,True,disjoint_10,3,None,transformer
2024-11-13 18:19:04.4869,5.356604538898915,0.911053486997636,0.6827524793018955,0.9216489361702128,0.91086731678487,0.1149567250327948,0.3109294194770194,0.6254232025586107,0.3757880622917839,0.1636764456503306,0.5584942592897499,0.5592986226759533,0.5,4 days 18:53:29.161081,12H,False,disjoint_10,3,None,transformer
